Location,Indicator,Period,First Tooltip
Afghanistan,Rotavirus vaccines completed dose (RotaC) immunization coverage among 1-year-olds (%),2019,55
Afghanistan,Rotavirus vaccines completed dose (RotaC) immunization coverage among 1-year-olds (%),2018,45
Angola,Rotavirus vaccines completed dose (RotaC) immunization coverage among 1-year-olds (%),2019,58
Angola,Rotavirus vaccines completed dose (RotaC) immunization coverage among 1-year-olds (%),2018,48
Angola,Rotavirus vaccines completed dose (RotaC) immunization coverage among 1-year-olds (%),2017,43
Angola,Rotavirus vaccines completed dose (RotaC) immunization coverage among 1-year-olds (%),2016,44
Angola,Rotavirus vaccines completed dose (RotaC) immunization coverage among 1-year-olds (%),2015,40
Angola,Rotavirus vaccines completed dose (RotaC) immunization coverage among 1-year-olds (%),2014,18
Argentina,Rotavirus vaccines completed dose (RotaC) immunization coverage among 1-year-olds (%),2019,72
Argentina,Rotavirus vaccines completed dose (RotaC) immunization coverage among 1-year-olds (%),2018,80
Argentina,Rotavirus vaccines completed dose (RotaC) immunization coverage among 1-year-olds (%),2017,78
Argentina,Rotavirus vaccines completed dose (RotaC) immunization coverage among 1-year-olds (%),2016,75
Argentina,Rotavirus vaccines completed dose (RotaC) immunization coverage among 1-year-olds (%),2015,61
Armenia,Rotavirus vaccines completed dose (RotaC) immunization coverage among 1-year-olds (%),2019,92
Armenia,Rotavirus vaccines completed dose (RotaC) immunization coverage among 1-year-olds (%),2018,93
Armenia,Rotavirus vaccines completed dose (RotaC) immunization coverage among 1-year-olds (%),2017,94
Armenia,Rotavirus vaccines completed dose (RotaC) immunization coverage among 1-year-olds (%),2016,94
Armenia,Rotavirus vaccines completed dose (RotaC) immunization coverage among 1-year-olds (%),2015,93
Armenia,Rotavirus vaccines completed dose (RotaC) immunization coverage among 1-year-olds (%),2014,91
Armenia,Rotavirus vaccines completed dose (RotaC) immunization coverage among 1-year-olds (%),2013,33
Australia,Rotavirus vaccines completed dose (RotaC) immunization coverage among 1-year-olds (%),2019,87
Australia,Rotavirus vaccines completed dose (RotaC) immunization coverage among 1-year-olds (%),2018,87
Australia,Rotavirus vaccines completed dose (RotaC) immunization coverage among 1-year-olds (%),2017,87
Australia,Rotavirus vaccines completed dose (RotaC) immunization coverage among 1-year-olds (%),2016,87
Australia,Rotavirus vaccines completed dose (RotaC) immunization coverage among 1-year-olds (%),2015,85
Australia,Rotavirus vaccines completed dose (RotaC) immunization coverage among 1-year-olds (%),2014,84
Australia,Rotavirus vaccines completed dose (RotaC) immunization coverage among 1-year-olds (%),2013,84
Australia,Rotavirus vaccines completed dose (RotaC) immunization coverage among 1-year-olds (%),2012,84
Australia,Rotavirus vaccines completed dose (RotaC) immunization coverage among 1-year-olds (%),2011,85
Australia,Rotavirus vaccines completed dose (RotaC) immunization coverage among 1-year-olds (%),2010,84
Australia,Rotavirus vaccines completed dose (RotaC) immunization coverage among 1-year-olds (%),2009,82
Australia,Rotavirus vaccines completed dose (RotaC) immunization coverage among 1-year-olds (%),2008,81
Austria,Rotavirus vaccines completed dose (RotaC) immunization coverage among 1-year-olds (%),2019,61
Austria,Rotavirus vaccines completed dose (RotaC) immunization coverage among 1-year-olds (%),2018,61
Austria,Rotavirus vaccines completed dose (RotaC) immunization coverage among 1-year-olds (%),2017,61
Austria,Rotavirus vaccines completed dose (RotaC) immunization coverage among 1-year-olds (%),2016,61
Austria,Rotavirus vaccines completed dose (RotaC) immunization coverage among 1-year-olds (%),2015,61
Austria,Rotavirus vaccines completed dose (RotaC) immunization coverage among 1-year-olds (%),2014,61
Austria,Rotavirus vaccines completed dose (RotaC) immunization coverage among 1-year-olds (%),2013,61
Austria,Rotavirus vaccines completed dose (RotaC) immunization coverage among 1-year-olds (%),2012,61
Austria,Rotavirus vaccines completed dose (RotaC) immunization coverage among 1-year-olds (%),2011,61
Austria,Rotavirus vaccines completed dose (RotaC) immunization coverage among 1-year-olds (%),2010,61
Austria,Rotavirus vaccines completed dose (RotaC) immunization coverage among 1-year-olds (%),2009,61
Austria,Rotavirus vaccines completed dose (RotaC) immunization coverage among 1-year-olds (%),2008,47
Bahamas,Rotavirus vaccines completed dose (RotaC) immunization coverage among 1-year-olds (%),2019,78
Bahamas,Rotavirus vaccines completed dose (RotaC) immunization coverage among 1-year-olds (%),2018,70
Bahamas,Rotavirus vaccines completed dose (RotaC) immunization coverage among 1-year-olds (%),2017,90
Bahamas,Rotavirus vaccines completed dose (RotaC) immunization coverage among 1-year-olds (%),2016,11
Bahrain,Rotavirus vaccines completed dose (RotaC) immunization coverage among 1-year-olds (%),2019,99
Bahrain,Rotavirus vaccines completed dose (RotaC) immunization coverage among 1-year-olds (%),2018,98
Bahrain,Rotavirus vaccines completed dose (RotaC) immunization coverage among 1-year-olds (%),2017,97
Bahrain,Rotavirus vaccines completed dose (RotaC) immunization coverage among 1-year-olds (%),2016,98
Bahrain,Rotavirus vaccines completed dose (RotaC) immunization coverage among 1-year-olds (%),2015,97
Bahrain,Rotavirus vaccines completed dose (RotaC) immunization coverage among 1-year-olds (%),2014,97
Bahrain,Rotavirus vaccines completed dose (RotaC) immunization coverage among 1-year-olds (%),2013,97
Bahrain,Rotavirus vaccines completed dose (RotaC) immunization coverage among 1-year-olds (%),2012,96
Bahrain,Rotavirus vaccines completed dose (RotaC) immunization coverage among 1-year-olds (%),2011,96
Bahrain,Rotavirus vaccines completed dose (RotaC) immunization coverage among 1-year-olds (%),2010,59
Bahrain,Rotavirus vaccines completed dose (RotaC) immunization coverage among 1-year-olds (%),2009,90
Bahrain,Rotavirus vaccines completed dose (RotaC) immunization coverage among 1-year-olds (%),2008,49
Belgium,Rotavirus vaccines completed dose (RotaC) immunization coverage among 1-year-olds (%),2019,87
Belgium,Rotavirus vaccines completed dose (RotaC) immunization coverage among 1-year-olds (%),2018,87
Belgium,Rotavirus vaccines completed dose (RotaC) immunization coverage among 1-year-olds (%),2017,87
Belgium,Rotavirus vaccines completed dose (RotaC) immunization coverage among 1-year-olds (%),2016,87
Belgium,Rotavirus vaccines completed dose (RotaC) immunization coverage among 1-year-olds (%),2015,88
Belgium,Rotavirus vaccines completed dose (RotaC) immunization coverage among 1-year-olds (%),2014,86
Belgium,Rotavirus vaccines completed dose (RotaC) immunization coverage among 1-year-olds (%),2013,86
Belgium,Rotavirus vaccines completed dose (RotaC) immunization coverage among 1-year-olds (%),2012,86
Bolivia (Plurinational State of),Rotavirus vaccines completed dose (RotaC) immunization coverage among 1-year-olds (%),2019,78
Bolivia (Plurinational State of),Rotavirus vaccines completed dose (RotaC) immunization coverage among 1-year-olds (%),2018,87
Bolivia (Plurinational State of),Rotavirus vaccines completed dose (RotaC) immunization coverage among 1-year-olds (%),2017,84
Bolivia (Plurinational State of),Rotavirus vaccines completed dose (RotaC) immunization coverage among 1-year-olds (%),2016,87
Bolivia (Plurinational State of),Rotavirus vaccines completed dose (RotaC) immunization coverage among 1-year-olds (%),2015,89
Bolivia (Plurinational State of),Rotavirus vaccines completed dose (RotaC) immunization coverage among 1-year-olds (%),2014,85
Bolivia (Plurinational State of),Rotavirus vaccines completed dose (RotaC) immunization coverage among 1-year-olds (%),2013,85
Bolivia (Plurinational State of),Rotavirus vaccines completed dose (RotaC) immunization coverage among 1-year-olds (%),2012,91
Bolivia (Plurinational State of),Rotavirus vaccines completed dose (RotaC) immunization coverage among 1-year-olds (%),2011,91
Bolivia (Plurinational State of),Rotavirus vaccines completed dose (RotaC) immunization coverage among 1-year-olds (%),2010,87
Bolivia (Plurinational State of),Rotavirus vaccines completed dose (RotaC) immunization coverage among 1-year-olds (%),2009,76
Bolivia (Plurinational State of),Rotavirus vaccines completed dose (RotaC) immunization coverage among 1-year-olds (%),2008,51
Botswana,Rotavirus vaccines completed dose (RotaC) immunization coverage among 1-year-olds (%),2019,86
Botswana,Rotavirus vaccines completed dose (RotaC) immunization coverage among 1-year-olds (%),2018,87
Botswana,Rotavirus vaccines completed dose (RotaC) immunization coverage among 1-year-olds (%),2017,85
Botswana,Rotavirus vaccines completed dose (RotaC) immunization coverage among 1-year-olds (%),2016,88
Botswana,Rotavirus vaccines completed dose (RotaC) immunization coverage among 1-year-olds (%),2015,92
Botswana,Rotavirus vaccines completed dose (RotaC) immunization coverage among 1-year-olds (%),2014,95
Botswana,Rotavirus vaccines completed dose (RotaC) immunization coverage among 1-year-olds (%),2013,85
Botswana,Rotavirus vaccines completed dose (RotaC) immunization coverage among 1-year-olds (%),2012,74
Brazil,Rotavirus vaccines completed dose (RotaC) immunization coverage among 1-year-olds (%),2019,83
Brazil,Rotavirus vaccines completed dose (RotaC) immunization coverage among 1-year-olds (%),2018,80
Brazil,Rotavirus vaccines completed dose (RotaC) immunization coverage among 1-year-olds (%),2017,70
Brazil,Rotavirus vaccines completed dose (RotaC) immunization coverage among 1-year-olds (%),2016,88
Brazil,Rotavirus vaccines completed dose (RotaC) immunization coverage among 1-year-olds (%),2015,94
Brazil,Rotavirus vaccines completed dose (RotaC) immunization coverage among 1-year-olds (%),2014,92
Brazil,Rotavirus vaccines completed dose (RotaC) immunization coverage among 1-year-olds (%),2013,93
Brazil,Rotavirus vaccines completed dose (RotaC) immunization coverage among 1-year-olds (%),2012,86
Brazil,Rotavirus vaccines completed dose (RotaC) immunization coverage among 1-year-olds (%),2011,87
Brazil,Rotavirus vaccines completed dose (RotaC) immunization coverage among 1-year-olds (%),2010,83
Brazil,Rotavirus vaccines completed dose (RotaC) immunization coverage among 1-year-olds (%),2009,86
Brazil,Rotavirus vaccines completed dose (RotaC) immunization coverage among 1-year-olds (%),2008,81
Brazil,Rotavirus vaccines completed dose (RotaC) immunization coverage among 1-year-olds (%),2007,80
Brazil,Rotavirus vaccines completed dose (RotaC) immunization coverage among 1-year-olds (%),2006,47
Bulgaria,Rotavirus vaccines completed dose (RotaC) immunization coverage among 1-year-olds (%),2019,31
Bulgaria,Rotavirus vaccines completed dose (RotaC) immunization coverage among 1-year-olds (%),2018,31
Burkina Faso,Rotavirus vaccines completed dose (RotaC) immunization coverage among 1-year-olds (%),2019,91
Burkina Faso,Rotavirus vaccines completed dose (RotaC) immunization coverage among 1-year-olds (%),2018,91
Burkina Faso,Rotavirus vaccines completed dose (RotaC) immunization coverage among 1-year-olds (%),2017,91
Burkina Faso,Rotavirus vaccines completed dose (RotaC) immunization coverage among 1-year-olds (%),2016,91
Burkina Faso,Rotavirus vaccines completed dose (RotaC) immunization coverage among 1-year-olds (%),2015,91
Burkina Faso,Rotavirus vaccines completed dose (RotaC) immunization coverage among 1-year-olds (%),2014,91
Burkina Faso,Rotavirus vaccines completed dose (RotaC) immunization coverage among 1-year-olds (%),2013,9
Burundi,Rotavirus vaccines completed dose (RotaC) immunization coverage among 1-year-olds (%),2019,95
Burundi,Rotavirus vaccines completed dose (RotaC) immunization coverage among 1-year-olds (%),2018,92
Burundi,Rotavirus vaccines completed dose (RotaC) immunization coverage among 1-year-olds (%),2017,93
Burundi,Rotavirus vaccines completed dose (RotaC) immunization coverage among 1-year-olds (%),2016,96
Burundi,Rotavirus vaccines completed dose (RotaC) immunization coverage among 1-year-olds (%),2015,96
Burundi,Rotavirus vaccines completed dose (RotaC) immunization coverage among 1-year-olds (%),2014,84
Cameroon,Rotavirus vaccines completed dose (RotaC) immunization coverage among 1-year-olds (%),2019,65
Cameroon,Rotavirus vaccines completed dose (RotaC) immunization coverage among 1-year-olds (%),2018,65
Cameroon,Rotavirus vaccines completed dose (RotaC) immunization coverage among 1-year-olds (%),2017,70
Cameroon,Rotavirus vaccines completed dose (RotaC) immunization coverage among 1-year-olds (%),2016,68
Cameroon,Rotavirus vaccines completed dose (RotaC) immunization coverage among 1-year-olds (%),2015,61
Cameroon,Rotavirus vaccines completed dose (RotaC) immunization coverage among 1-year-olds (%),2014,34
Canada,Rotavirus vaccines completed dose (RotaC) immunization coverage among 1-year-olds (%),2019,79
Canada,Rotavirus vaccines completed dose (RotaC) immunization coverage among 1-year-olds (%),2018,79
Canada,Rotavirus vaccines completed dose (RotaC) immunization coverage among 1-year-olds (%),2017,79
Colombia,Rotavirus vaccines completed dose (RotaC) immunization coverage among 1-year-olds (%),2019,90
Colombia,Rotavirus vaccines completed dose (RotaC) immunization coverage among 1-year-olds (%),2018,90
Colombia,Rotavirus vaccines completed dose (RotaC) immunization coverage among 1-year-olds (%),2017,90
Colombia,Rotavirus vaccines completed dose (RotaC) immunization coverage among 1-year-olds (%),2016,90
Colombia,Rotavirus vaccines completed dose (RotaC) immunization coverage among 1-year-olds (%),2015,91
Colombia,Rotavirus vaccines completed dose (RotaC) immunization coverage among 1-year-olds (%),2014,89
Colombia,Rotavirus vaccines completed dose (RotaC) immunization coverage among 1-year-olds (%),2013,87
Colombia,Rotavirus vaccines completed dose (RotaC) immunization coverage among 1-year-olds (%),2012,87
Colombia,Rotavirus vaccines completed dose (RotaC) immunization coverage among 1-year-olds (%),2011,78
Colombia,Rotavirus vaccines completed dose (RotaC) immunization coverage among 1-year-olds (%),2010,74
Colombia,Rotavirus vaccines completed dose (RotaC) immunization coverage among 1-year-olds (%),2009,55
Congo,Rotavirus vaccines completed dose (RotaC) immunization coverage among 1-year-olds (%),2019,71
Congo,Rotavirus vaccines completed dose (RotaC) immunization coverage among 1-year-olds (%),2018,72
Congo,Rotavirus vaccines completed dose (RotaC) immunization coverage among 1-year-olds (%),2017,64
Congo,Rotavirus vaccines completed dose (RotaC) immunization coverage among 1-year-olds (%),2016,64
Congo,Rotavirus vaccines completed dose (RotaC) immunization coverage among 1-year-olds (%),2015,80
Congo,Rotavirus vaccines completed dose (RotaC) immunization coverage among 1-year-olds (%),2014,60
Costa Rica,Rotavirus vaccines completed dose (RotaC) immunization coverage among 1-year-olds (%),2019,59
Côte d’Ivoire,Rotavirus vaccines completed dose (RotaC) immunization coverage among 1-year-olds (%),2019,70
Côte d’Ivoire,Rotavirus vaccines completed dose (RotaC) immunization coverage among 1-year-olds (%),2018,59
Côte d’Ivoire,Rotavirus vaccines completed dose (RotaC) immunization coverage among 1-year-olds (%),2017,40
Djibouti,Rotavirus vaccines completed dose (RotaC) immunization coverage among 1-year-olds (%),2019,88
Djibouti,Rotavirus vaccines completed dose (RotaC) immunization coverage among 1-year-olds (%),2018,87
Djibouti,Rotavirus vaccines completed dose (RotaC) immunization coverage among 1-year-olds (%),2017,80
Djibouti,Rotavirus vaccines completed dose (RotaC) immunization coverage among 1-year-olds (%),2016,72
Djibouti,Rotavirus vaccines completed dose (RotaC) immunization coverage among 1-year-olds (%),2015,86
Dominican Republic,Rotavirus vaccines completed dose (RotaC) immunization coverage among 1-year-olds (%),2019,80
Dominican Republic,Rotavirus vaccines completed dose (RotaC) immunization coverage among 1-year-olds (%),2018,82
Dominican Republic,Rotavirus vaccines completed dose (RotaC) immunization coverage among 1-year-olds (%),2017,82
Dominican Republic,Rotavirus vaccines completed dose (RotaC) immunization coverage among 1-year-olds (%),2016,75
Dominican Republic,Rotavirus vaccines completed dose (RotaC) immunization coverage among 1-year-olds (%),2015,83
Dominican Republic,Rotavirus vaccines completed dose (RotaC) immunization coverage among 1-year-olds (%),2014,86
Dominican Republic,Rotavirus vaccines completed dose (RotaC) immunization coverage among 1-year-olds (%),2013,69
Dominican Republic,Rotavirus vaccines completed dose (RotaC) immunization coverage among 1-year-olds (%),2012,9
Ecuador,Rotavirus vaccines completed dose (RotaC) immunization coverage among 1-year-olds (%),2019,85
Ecuador,Rotavirus vaccines completed dose (RotaC) immunization coverage among 1-year-olds (%),2018,85
Ecuador,Rotavirus vaccines completed dose (RotaC) immunization coverage among 1-year-olds (%),2017,84
Ecuador,Rotavirus vaccines completed dose (RotaC) immunization coverage among 1-year-olds (%),2016,80
Ecuador,Rotavirus vaccines completed dose (RotaC) immunization coverage among 1-year-olds (%),2015,78
Ecuador,Rotavirus vaccines completed dose (RotaC) immunization coverage among 1-year-olds (%),2014,81
Ecuador,Rotavirus vaccines completed dose (RotaC) immunization coverage among 1-year-olds (%),2013,83
Ecuador,Rotavirus vaccines completed dose (RotaC) immunization coverage among 1-year-olds (%),2012,87
Ecuador,Rotavirus vaccines completed dose (RotaC) immunization coverage among 1-year-olds (%),2011,90
Ecuador,Rotavirus vaccines completed dose (RotaC) immunization coverage among 1-year-olds (%),2010,94
Ecuador,Rotavirus vaccines completed dose (RotaC) immunization coverage among 1-year-olds (%),2009,97
Ecuador,Rotavirus vaccines completed dose (RotaC) immunization coverage among 1-year-olds (%),2008,82
El Salvador,Rotavirus vaccines completed dose (RotaC) immunization coverage among 1-year-olds (%),2019,82
El Salvador,Rotavirus vaccines completed dose (RotaC) immunization coverage among 1-year-olds (%),2018,82
El Salvador,Rotavirus vaccines completed dose (RotaC) immunization coverage among 1-year-olds (%),2017,84
El Salvador,Rotavirus vaccines completed dose (RotaC) immunization coverage among 1-year-olds (%),2016,93
El Salvador,Rotavirus vaccines completed dose (RotaC) immunization coverage among 1-year-olds (%),2015,93
El Salvador,Rotavirus vaccines completed dose (RotaC) immunization coverage among 1-year-olds (%),2014,96
El Salvador,Rotavirus vaccines completed dose (RotaC) immunization coverage among 1-year-olds (%),2013,92
El Salvador,Rotavirus vaccines completed dose (RotaC) immunization coverage among 1-year-olds (%),2012,93
El Salvador,Rotavirus vaccines completed dose (RotaC) immunization coverage among 1-year-olds (%),2011,90
El Salvador,Rotavirus vaccines completed dose (RotaC) immunization coverage among 1-year-olds (%),2010,90
El Salvador,Rotavirus vaccines completed dose (RotaC) immunization coverage among 1-year-olds (%),2009,62
El Salvador,Rotavirus vaccines completed dose (RotaC) immunization coverage among 1-year-olds (%),2008,83
El Salvador,Rotavirus vaccines completed dose (RotaC) immunization coverage among 1-year-olds (%),2007,78
El Salvador,Rotavirus vaccines completed dose (RotaC) immunization coverage among 1-year-olds (%),2006,25
Eritrea,Rotavirus vaccines completed dose (RotaC) immunization coverage among 1-year-olds (%),2019,96
Eritrea,Rotavirus vaccines completed dose (RotaC) immunization coverage among 1-year-olds (%),2018,96
Eritrea,Rotavirus vaccines completed dose (RotaC) immunization coverage among 1-year-olds (%),2017,96
Eritrea,Rotavirus vaccines completed dose (RotaC) immunization coverage among 1-year-olds (%),2016,96
Eritrea,Rotavirus vaccines completed dose (RotaC) immunization coverage among 1-year-olds (%),2015,96
Eritrea,Rotavirus vaccines completed dose (RotaC) immunization coverage among 1-year-olds (%),2014,25
Estonia,Rotavirus vaccines completed dose (RotaC) immunization coverage among 1-year-olds (%),2019,81
Estonia,Rotavirus vaccines completed dose (RotaC) immunization coverage among 1-year-olds (%),2018,85
Estonia,Rotavirus vaccines completed dose (RotaC) immunization coverage among 1-year-olds (%),2017,87
Estonia,Rotavirus vaccines completed dose (RotaC) immunization coverage among 1-year-olds (%),2016,85
Estonia,Rotavirus vaccines completed dose (RotaC) immunization coverage among 1-year-olds (%),2015,64
Estonia,Rotavirus vaccines completed dose (RotaC) immunization coverage among 1-year-olds (%),2014,32
Eswatini,Rotavirus vaccines completed dose (RotaC) immunization coverage among 1-year-olds (%),2019,87
Eswatini,Rotavirus vaccines completed dose (RotaC) immunization coverage among 1-year-olds (%),2018,90
Eswatini,Rotavirus vaccines completed dose (RotaC) immunization coverage among 1-year-olds (%),2017,86
Eswatini,Rotavirus vaccines completed dose (RotaC) immunization coverage among 1-year-olds (%),2016,95
Eswatini,Rotavirus vaccines completed dose (RotaC) immunization coverage among 1-year-olds (%),2015,36
Ethiopia,Rotavirus vaccines completed dose (RotaC) immunization coverage among 1-year-olds (%),2019,68
Ethiopia,Rotavirus vaccines completed dose (RotaC) immunization coverage among 1-year-olds (%),2018,66
Ethiopia,Rotavirus vaccines completed dose (RotaC) immunization coverage among 1-year-olds (%),2017,67
Ethiopia,Rotavirus vaccines completed dose (RotaC) immunization coverage among 1-year-olds (%),2016,63
Ethiopia,Rotavirus vaccines completed dose (RotaC) immunization coverage among 1-year-olds (%),2015,60
Ethiopia,Rotavirus vaccines completed dose (RotaC) immunization coverage among 1-year-olds (%),2014,56
Fiji,Rotavirus vaccines completed dose (RotaC) immunization coverage among 1-year-olds (%),2019,99
Fiji,Rotavirus vaccines completed dose (RotaC) immunization coverage among 1-year-olds (%),2018,99
Fiji,Rotavirus vaccines completed dose (RotaC) immunization coverage among 1-year-olds (%),2017,99
Fiji,Rotavirus vaccines completed dose (RotaC) immunization coverage among 1-year-olds (%),2016,99
Fiji,Rotavirus vaccines completed dose (RotaC) immunization coverage among 1-year-olds (%),2015,99
Fiji,Rotavirus vaccines completed dose (RotaC) immunization coverage among 1-year-olds (%),2014,99
Fiji,Rotavirus vaccines completed dose (RotaC) immunization coverage among 1-year-olds (%),2013,85
Finland,Rotavirus vaccines completed dose (RotaC) immunization coverage among 1-year-olds (%),2019,83
Finland,Rotavirus vaccines completed dose (RotaC) immunization coverage among 1-year-olds (%),2018,82
Finland,Rotavirus vaccines completed dose (RotaC) immunization coverage among 1-year-olds (%),2017,80
Finland,Rotavirus vaccines completed dose (RotaC) immunization coverage among 1-year-olds (%),2016,84
Finland,Rotavirus vaccines completed dose (RotaC) immunization coverage among 1-year-olds (%),2015,91
Finland,Rotavirus vaccines completed dose (RotaC) immunization coverage among 1-year-olds (%),2014,92
Finland,Rotavirus vaccines completed dose (RotaC) immunization coverage among 1-year-olds (%),2013,93
Finland,Rotavirus vaccines completed dose (RotaC) immunization coverage among 1-year-olds (%),2012,93
Finland,Rotavirus vaccines completed dose (RotaC) immunization coverage among 1-year-olds (%),2011,93
Finland,Rotavirus vaccines completed dose (RotaC) immunization coverage among 1-year-olds (%),2010,93
Gambia,Rotavirus vaccines completed dose (RotaC) immunization coverage among 1-year-olds (%),2019,90
Gambia,Rotavirus vaccines completed dose (RotaC) immunization coverage among 1-year-olds (%),2018,93
Gambia,Rotavirus vaccines completed dose (RotaC) immunization coverage among 1-year-olds (%),2017,93
Gambia,Rotavirus vaccines completed dose (RotaC) immunization coverage among 1-year-olds (%),2016,95
Gambia,Rotavirus vaccines completed dose (RotaC) immunization coverage among 1-year-olds (%),2015,97
Gambia,Rotavirus vaccines completed dose (RotaC) immunization coverage among 1-year-olds (%),2014,92
Gambia,Rotavirus vaccines completed dose (RotaC) immunization coverage among 1-year-olds (%),2013,7
Georgia,Rotavirus vaccines completed dose (RotaC) immunization coverage among 1-year-olds (%),2019,81
Georgia,Rotavirus vaccines completed dose (RotaC) immunization coverage among 1-year-olds (%),2018,79
Georgia,Rotavirus vaccines completed dose (RotaC) immunization coverage among 1-year-olds (%),2017,76
Georgia,Rotavirus vaccines completed dose (RotaC) immunization coverage among 1-year-olds (%),2016,75
Georgia,Rotavirus vaccines completed dose (RotaC) immunization coverage among 1-year-olds (%),2015,72
Georgia,Rotavirus vaccines completed dose (RotaC) immunization coverage among 1-year-olds (%),2014,69
Georgia,Rotavirus vaccines completed dose (RotaC) immunization coverage among 1-year-olds (%),2013,41
Germany,Rotavirus vaccines completed dose (RotaC) immunization coverage among 1-year-olds (%),2019,68
Germany,Rotavirus vaccines completed dose (RotaC) immunization coverage among 1-year-olds (%),2018,68
Germany,Rotavirus vaccines completed dose (RotaC) immunization coverage among 1-year-olds (%),2017,68
Germany,Rotavirus vaccines completed dose (RotaC) immunization coverage among 1-year-olds (%),2016,68
Germany,Rotavirus vaccines completed dose (RotaC) immunization coverage among 1-year-olds (%),2015,68
Germany,Rotavirus vaccines completed dose (RotaC) immunization coverage among 1-year-olds (%),2014,67
Ghana,Rotavirus vaccines completed dose (RotaC) immunization coverage among 1-year-olds (%),2019,93
Ghana,Rotavirus vaccines completed dose (RotaC) immunization coverage among 1-year-olds (%),2018,94
Ghana,Rotavirus vaccines completed dose (RotaC) immunization coverage among 1-year-olds (%),2017,97
Ghana,Rotavirus vaccines completed dose (RotaC) immunization coverage among 1-year-olds (%),2016,94
Ghana,Rotavirus vaccines completed dose (RotaC) immunization coverage among 1-year-olds (%),2015,88
Ghana,Rotavirus vaccines completed dose (RotaC) immunization coverage among 1-year-olds (%),2014,98
Ghana,Rotavirus vaccines completed dose (RotaC) immunization coverage among 1-year-olds (%),2013,87
Ghana,Rotavirus vaccines completed dose (RotaC) immunization coverage among 1-year-olds (%),2012,49
Greece,Rotavirus vaccines completed dose (RotaC) immunization coverage among 1-year-olds (%),2019,20
Greece,Rotavirus vaccines completed dose (RotaC) immunization coverage among 1-year-olds (%),2018,20
Greece,Rotavirus vaccines completed dose (RotaC) immunization coverage among 1-year-olds (%),2017,20
Greece,Rotavirus vaccines completed dose (RotaC) immunization coverage among 1-year-olds (%),2016,20
Greece,Rotavirus vaccines completed dose (RotaC) immunization coverage among 1-year-olds (%),2015,20
Greece,Rotavirus vaccines completed dose (RotaC) immunization coverage among 1-year-olds (%),2014,20
Guatemala,Rotavirus vaccines completed dose (RotaC) immunization coverage among 1-year-olds (%),2019,86
Guatemala,Rotavirus vaccines completed dose (RotaC) immunization coverage among 1-year-olds (%),2018,87
Guatemala,Rotavirus vaccines completed dose (RotaC) immunization coverage among 1-year-olds (%),2017,80
Guatemala,Rotavirus vaccines completed dose (RotaC) immunization coverage among 1-year-olds (%),2016,82
Guatemala,Rotavirus vaccines completed dose (RotaC) immunization coverage among 1-year-olds (%),2015,79
Guatemala,Rotavirus vaccines completed dose (RotaC) immunization coverage among 1-year-olds (%),2014,54
Guatemala,Rotavirus vaccines completed dose (RotaC) immunization coverage among 1-year-olds (%),2013,81
Guatemala,Rotavirus vaccines completed dose (RotaC) immunization coverage among 1-year-olds (%),2012,81
Guatemala,Rotavirus vaccines completed dose (RotaC) immunization coverage among 1-year-olds (%),2011,71
Guatemala,Rotavirus vaccines completed dose (RotaC) immunization coverage among 1-year-olds (%),2010,38
Guinea-Bissau,Rotavirus vaccines completed dose (RotaC) immunization coverage among 1-year-olds (%),2019,84
Guinea-Bissau,Rotavirus vaccines completed dose (RotaC) immunization coverage among 1-year-olds (%),2018,88
Guinea-Bissau,Rotavirus vaccines completed dose (RotaC) immunization coverage among 1-year-olds (%),2017,88
Guinea-Bissau,Rotavirus vaccines completed dose (RotaC) immunization coverage among 1-year-olds (%),2016,61
Guyana,Rotavirus vaccines completed dose (RotaC) immunization coverage among 1-year-olds (%),2019,99
Guyana,Rotavirus vaccines completed dose (RotaC) immunization coverage among 1-year-olds (%),2018,91
Guyana,Rotavirus vaccines completed dose (RotaC) immunization coverage among 1-year-olds (%),2017,97
Guyana,Rotavirus vaccines completed dose (RotaC) immunization coverage among 1-year-olds (%),2016,96
Guyana,Rotavirus vaccines completed dose (RotaC) immunization coverage among 1-year-olds (%),2015,96
Guyana,Rotavirus vaccines completed dose (RotaC) immunization coverage among 1-year-olds (%),2014,95
Guyana,Rotavirus vaccines completed dose (RotaC) immunization coverage among 1-year-olds (%),2013,94
Guyana,Rotavirus vaccines completed dose (RotaC) immunization coverage among 1-year-olds (%),2012,91
Guyana,Rotavirus vaccines completed dose (RotaC) immunization coverage among 1-year-olds (%),2011,77
Guyana,Rotavirus vaccines completed dose (RotaC) immunization coverage among 1-year-olds (%),2010,39
Haiti,Rotavirus vaccines completed dose (RotaC) immunization coverage among 1-year-olds (%),2019,48
Haiti,Rotavirus vaccines completed dose (RotaC) immunization coverage among 1-year-olds (%),2018,58
Haiti,Rotavirus vaccines completed dose (RotaC) immunization coverage among 1-year-olds (%),2017,58
Haiti,Rotavirus vaccines completed dose (RotaC) immunization coverage among 1-year-olds (%),2016,58
Haiti,Rotavirus vaccines completed dose (RotaC) immunization coverage among 1-year-olds (%),2015,58
Haiti,Rotavirus vaccines completed dose (RotaC) immunization coverage among 1-year-olds (%),2014,23
Honduras,Rotavirus vaccines completed dose (RotaC) immunization coverage among 1-year-olds (%),2019,88
Honduras,Rotavirus vaccines completed dose (RotaC) immunization coverage among 1-year-olds (%),2018,91
Honduras,Rotavirus vaccines completed dose (RotaC) immunization coverage among 1-year-olds (%),2017,90
Honduras,Rotavirus vaccines completed dose (RotaC) immunization coverage among 1-year-olds (%),2016,95
Honduras,Rotavirus vaccines completed dose (RotaC) immunization coverage among 1-year-olds (%),2015,99
Honduras,Rotavirus vaccines completed dose (RotaC) immunization coverage among 1-year-olds (%),2014,99
Honduras,Rotavirus vaccines completed dose (RotaC) immunization coverage among 1-year-olds (%),2013,98
Honduras,Rotavirus vaccines completed dose (RotaC) immunization coverage among 1-year-olds (%),2012,98
Honduras,Rotavirus vaccines completed dose (RotaC) immunization coverage among 1-year-olds (%),2011,97
Honduras,Rotavirus vaccines completed dose (RotaC) immunization coverage among 1-year-olds (%),2010,97
Honduras,Rotavirus vaccines completed dose (RotaC) immunization coverage among 1-year-olds (%),2009,81
India,Rotavirus vaccines completed dose (RotaC) immunization coverage among 1-year-olds (%),2019,53
India,Rotavirus vaccines completed dose (RotaC) immunization coverage among 1-year-olds (%),2018,35
India,Rotavirus vaccines completed dose (RotaC) immunization coverage among 1-year-olds (%),2017,13
India,Rotavirus vaccines completed dose (RotaC) immunization coverage among 1-year-olds (%),2016,4
Iraq,Rotavirus vaccines completed dose (RotaC) immunization coverage among 1-year-olds (%),2019,5
Iraq,Rotavirus vaccines completed dose (RotaC) immunization coverage among 1-year-olds (%),2018,60
Iraq,Rotavirus vaccines completed dose (RotaC) immunization coverage among 1-year-olds (%),2017,63
Iraq,Rotavirus vaccines completed dose (RotaC) immunization coverage among 1-year-olds (%),2016,53
Iraq,Rotavirus vaccines completed dose (RotaC) immunization coverage among 1-year-olds (%),2015,43
Iraq,Rotavirus vaccines completed dose (RotaC) immunization coverage among 1-year-olds (%),2014,29
Iraq,Rotavirus vaccines completed dose (RotaC) immunization coverage among 1-year-olds (%),2013,52
Iraq,Rotavirus vaccines completed dose (RotaC) immunization coverage among 1-year-olds (%),2012,31
Ireland,Rotavirus vaccines completed dose (RotaC) immunization coverage among 1-year-olds (%),2019,89
Ireland,Rotavirus vaccines completed dose (RotaC) immunization coverage among 1-year-olds (%),2018,89
Ireland,Rotavirus vaccines completed dose (RotaC) immunization coverage among 1-year-olds (%),2017,89
Israel,Rotavirus vaccines completed dose (RotaC) immunization coverage among 1-year-olds (%),2019,81
Israel,Rotavirus vaccines completed dose (RotaC) immunization coverage among 1-year-olds (%),2018,81
Israel,Rotavirus vaccines completed dose (RotaC) immunization coverage among 1-year-olds (%),2017,81
Israel,Rotavirus vaccines completed dose (RotaC) immunization coverage among 1-year-olds (%),2016,81
Israel,Rotavirus vaccines completed dose (RotaC) immunization coverage among 1-year-olds (%),2015,80
Israel,Rotavirus vaccines completed dose (RotaC) immunization coverage among 1-year-olds (%),2014,81
Israel,Rotavirus vaccines completed dose (RotaC) immunization coverage among 1-year-olds (%),2013,80
Israel,Rotavirus vaccines completed dose (RotaC) immunization coverage among 1-year-olds (%),2012,82
Italy,Rotavirus vaccines completed dose (RotaC) immunization coverage among 1-year-olds (%),2019,61
Italy,Rotavirus vaccines completed dose (RotaC) immunization coverage among 1-year-olds (%),2018,19
Italy,Rotavirus vaccines completed dose (RotaC) immunization coverage among 1-year-olds (%),2017,14
Jordan,Rotavirus vaccines completed dose (RotaC) immunization coverage among 1-year-olds (%),2019,86
Jordan,Rotavirus vaccines completed dose (RotaC) immunization coverage among 1-year-olds (%),2018,93
Jordan,Rotavirus vaccines completed dose (RotaC) immunization coverage among 1-year-olds (%),2017,96
Jordan,Rotavirus vaccines completed dose (RotaC) immunization coverage among 1-year-olds (%),2016,97
Jordan,Rotavirus vaccines completed dose (RotaC) immunization coverage among 1-year-olds (%),2015,88
Kenya,Rotavirus vaccines completed dose (RotaC) immunization coverage among 1-year-olds (%),2019,92
Kenya,Rotavirus vaccines completed dose (RotaC) immunization coverage among 1-year-olds (%),2018,92
Kenya,Rotavirus vaccines completed dose (RotaC) immunization coverage among 1-year-olds (%),2017,67
Kenya,Rotavirus vaccines completed dose (RotaC) immunization coverage among 1-year-olds (%),2016,74
Kenya,Rotavirus vaccines completed dose (RotaC) immunization coverage among 1-year-olds (%),2015,66
Kenya,Rotavirus vaccines completed dose (RotaC) immunization coverage among 1-year-olds (%),2014,19
Kiribati,Rotavirus vaccines completed dose (RotaC) immunization coverage among 1-year-olds (%),2019,99
Kiribati,Rotavirus vaccines completed dose (RotaC) immunization coverage among 1-year-olds (%),2018,97
Kiribati,Rotavirus vaccines completed dose (RotaC) immunization coverage among 1-year-olds (%),2017,91
Kiribati,Rotavirus vaccines completed dose (RotaC) immunization coverage among 1-year-olds (%),2016,79
Kiribati,Rotavirus vaccines completed dose (RotaC) immunization coverage among 1-year-olds (%),2015,37
Kuwait,Rotavirus vaccines completed dose (RotaC) immunization coverage among 1-year-olds (%),2019,69
Kuwait,Rotavirus vaccines completed dose (RotaC) immunization coverage among 1-year-olds (%),2018,69
Kuwait,Rotavirus vaccines completed dose (RotaC) immunization coverage among 1-year-olds (%),2017,3
Latvia,Rotavirus vaccines completed dose (RotaC) immunization coverage among 1-year-olds (%),2019,85
Latvia,Rotavirus vaccines completed dose (RotaC) immunization coverage among 1-year-olds (%),2018,79
Latvia,Rotavirus vaccines completed dose (RotaC) immunization coverage among 1-year-olds (%),2017,78
Latvia,Rotavirus vaccines completed dose (RotaC) immunization coverage among 1-year-olds (%),2016,43
Lesotho,Rotavirus vaccines completed dose (RotaC) immunization coverage among 1-year-olds (%),2019,87
Lesotho,Rotavirus vaccines completed dose (RotaC) immunization coverage among 1-year-olds (%),2018,70
Liberia,Rotavirus vaccines completed dose (RotaC) immunization coverage among 1-year-olds (%),2019,63
Liberia,Rotavirus vaccines completed dose (RotaC) immunization coverage among 1-year-olds (%),2018,75
Liberia,Rotavirus vaccines completed dose (RotaC) immunization coverage among 1-year-olds (%),2017,74
Liberia,Rotavirus vaccines completed dose (RotaC) immunization coverage among 1-year-olds (%),2016,48
Libya,Rotavirus vaccines completed dose (RotaC) immunization coverage among 1-year-olds (%),2019,73
Libya,Rotavirus vaccines completed dose (RotaC) immunization coverage among 1-year-olds (%),2018,73
Libya,Rotavirus vaccines completed dose (RotaC) immunization coverage among 1-year-olds (%),2017,96
Libya,Rotavirus vaccines completed dose (RotaC) immunization coverage among 1-year-olds (%),2016,97
Libya,Rotavirus vaccines completed dose (RotaC) immunization coverage among 1-year-olds (%),2015,93
Libya,Rotavirus vaccines completed dose (RotaC) immunization coverage among 1-year-olds (%),2014,86
Lithuania,Rotavirus vaccines completed dose (RotaC) immunization coverage among 1-year-olds (%),2019,45
Lithuania,Rotavirus vaccines completed dose (RotaC) immunization coverage among 1-year-olds (%),2018,1
Luxembourg,Rotavirus vaccines completed dose (RotaC) immunization coverage among 1-year-olds (%),2019,89
Luxembourg,Rotavirus vaccines completed dose (RotaC) immunization coverage among 1-year-olds (%),2018,89
Luxembourg,Rotavirus vaccines completed dose (RotaC) immunization coverage among 1-year-olds (%),2017,89
Luxembourg,Rotavirus vaccines completed dose (RotaC) immunization coverage among 1-year-olds (%),2016,89
Luxembourg,Rotavirus vaccines completed dose (RotaC) immunization coverage among 1-year-olds (%),2015,89
Luxembourg,Rotavirus vaccines completed dose (RotaC) immunization coverage among 1-year-olds (%),2014,89
Luxembourg,Rotavirus vaccines completed dose (RotaC) immunization coverage among 1-year-olds (%),2013,89
Luxembourg,Rotavirus vaccines completed dose (RotaC) immunization coverage among 1-year-olds (%),2012,89
Luxembourg,Rotavirus vaccines completed dose (RotaC) immunization coverage among 1-year-olds (%),2011,88
Luxembourg,Rotavirus vaccines completed dose (RotaC) immunization coverage among 1-year-olds (%),2010,87
Luxembourg,Rotavirus vaccines completed dose (RotaC) immunization coverage among 1-year-olds (%),2009,86
Madagascar,Rotavirus vaccines completed dose (RotaC) immunization coverage among 1-year-olds (%),2019,79
Madagascar,Rotavirus vaccines completed dose (RotaC) immunization coverage among 1-year-olds (%),2018,75
Madagascar,Rotavirus vaccines completed dose (RotaC) immunization coverage among 1-year-olds (%),2017,74
Madagascar,Rotavirus vaccines completed dose (RotaC) immunization coverage among 1-year-olds (%),2016,77
Madagascar,Rotavirus vaccines completed dose (RotaC) immunization coverage among 1-year-olds (%),2015,69
Madagascar,Rotavirus vaccines completed dose (RotaC) immunization coverage among 1-year-olds (%),2014,50
Malawi,Rotavirus vaccines completed dose (RotaC) immunization coverage among 1-year-olds (%),2019,92
Malawi,Rotavirus vaccines completed dose (RotaC) immunization coverage among 1-year-olds (%),2018,90
Malawi,Rotavirus vaccines completed dose (RotaC) immunization coverage among 1-year-olds (%),2017,85
Malawi,Rotavirus vaccines completed dose (RotaC) immunization coverage among 1-year-olds (%),2016,81
Malawi,Rotavirus vaccines completed dose (RotaC) immunization coverage among 1-year-olds (%),2015,84
Malawi,Rotavirus vaccines completed dose (RotaC) immunization coverage among 1-year-olds (%),2014,83
Malawi,Rotavirus vaccines completed dose (RotaC) immunization coverage among 1-year-olds (%),2013,81
Malawi,Rotavirus vaccines completed dose (RotaC) immunization coverage among 1-year-olds (%),2012,7
Mali,Rotavirus vaccines completed dose (RotaC) immunization coverage among 1-year-olds (%),2019,63
Mali,Rotavirus vaccines completed dose (RotaC) immunization coverage among 1-year-olds (%),2018,63
Mali,Rotavirus vaccines completed dose (RotaC) immunization coverage among 1-year-olds (%),2017,63
Mali,Rotavirus vaccines completed dose (RotaC) immunization coverage among 1-year-olds (%),2016,62
Mali,Rotavirus vaccines completed dose (RotaC) immunization coverage among 1-year-olds (%),2015,35
Mali,Rotavirus vaccines completed dose (RotaC) immunization coverage among 1-year-olds (%),2014,23
Marshall Islands,Rotavirus vaccines completed dose (RotaC) immunization coverage among 1-year-olds (%),2019,60
Marshall Islands,Rotavirus vaccines completed dose (RotaC) immunization coverage among 1-year-olds (%),2018,42
Marshall Islands,Rotavirus vaccines completed dose (RotaC) immunization coverage among 1-year-olds (%),2017,46
Marshall Islands,Rotavirus vaccines completed dose (RotaC) immunization coverage among 1-year-olds (%),2016,38
Marshall Islands,Rotavirus vaccines completed dose (RotaC) immunization coverage among 1-year-olds (%),2015,41
Marshall Islands,Rotavirus vaccines completed dose (RotaC) immunization coverage among 1-year-olds (%),2014,44
Marshall Islands,Rotavirus vaccines completed dose (RotaC) immunization coverage among 1-year-olds (%),2013,52
Marshall Islands,Rotavirus vaccines completed dose (RotaC) immunization coverage among 1-year-olds (%),2012,60
Marshall Islands,Rotavirus vaccines completed dose (RotaC) immunization coverage among 1-year-olds (%),2011,43
Marshall Islands,Rotavirus vaccines completed dose (RotaC) immunization coverage among 1-year-olds (%),2010,25
Marshall Islands,Rotavirus vaccines completed dose (RotaC) immunization coverage among 1-year-olds (%),2009,71
Mauritania,Rotavirus vaccines completed dose (RotaC) immunization coverage among 1-year-olds (%),2019,76
Mauritania,Rotavirus vaccines completed dose (RotaC) immunization coverage among 1-year-olds (%),2018,76
Mauritania,Rotavirus vaccines completed dose (RotaC) immunization coverage among 1-year-olds (%),2017,76
Mauritania,Rotavirus vaccines completed dose (RotaC) immunization coverage among 1-year-olds (%),2016,73
Mauritania,Rotavirus vaccines completed dose (RotaC) immunization coverage among 1-year-olds (%),2015,56
Mauritania,Rotavirus vaccines completed dose (RotaC) immunization coverage among 1-year-olds (%),2014,5
Mauritius,Rotavirus vaccines completed dose (RotaC) immunization coverage among 1-year-olds (%),2019,96
Mauritius,Rotavirus vaccines completed dose (RotaC) immunization coverage among 1-year-olds (%),2018,95
Mauritius,Rotavirus vaccines completed dose (RotaC) immunization coverage among 1-year-olds (%),2017,90
Mauritius,Rotavirus vaccines completed dose (RotaC) immunization coverage among 1-year-olds (%),2016,92
Mauritius,Rotavirus vaccines completed dose (RotaC) immunization coverage among 1-year-olds (%),2015,66
Mexico,Rotavirus vaccines completed dose (RotaC) immunization coverage among 1-year-olds (%),2019,82
Mexico,Rotavirus vaccines completed dose (RotaC) immunization coverage among 1-year-olds (%),2018,77
Mexico,Rotavirus vaccines completed dose (RotaC) immunization coverage among 1-year-olds (%),2017,70
Mexico,Rotavirus vaccines completed dose (RotaC) immunization coverage among 1-year-olds (%),2016,72
Mexico,Rotavirus vaccines completed dose (RotaC) immunization coverage among 1-year-olds (%),2015,81
Mexico,Rotavirus vaccines completed dose (RotaC) immunization coverage among 1-year-olds (%),2014,85
Mexico,Rotavirus vaccines completed dose (RotaC) immunization coverage among 1-year-olds (%),2013,81
Mexico,Rotavirus vaccines completed dose (RotaC) immunization coverage among 1-year-olds (%),2012,99
Mexico,Rotavirus vaccines completed dose (RotaC) immunization coverage among 1-year-olds (%),2011,98
Mexico,Rotavirus vaccines completed dose (RotaC) immunization coverage among 1-year-olds (%),2010,90
Mexico,Rotavirus vaccines completed dose (RotaC) immunization coverage among 1-year-olds (%),2009,93
Mexico,Rotavirus vaccines completed dose (RotaC) immunization coverage among 1-year-olds (%),2008,47
Micronesia (Federated States of),Rotavirus vaccines completed dose (RotaC) immunization coverage among 1-year-olds (%),2019,36
Micronesia (Federated States of),Rotavirus vaccines completed dose (RotaC) immunization coverage among 1-year-olds (%),2018,52
Micronesia (Federated States of),Rotavirus vaccines completed dose (RotaC) immunization coverage among 1-year-olds (%),2017,35
Micronesia (Federated States of),Rotavirus vaccines completed dose (RotaC) immunization coverage among 1-year-olds (%),2016,35
Micronesia (Federated States of),Rotavirus vaccines completed dose (RotaC) immunization coverage among 1-year-olds (%),2015,46
Micronesia (Federated States of),Rotavirus vaccines completed dose (RotaC) immunization coverage among 1-year-olds (%),2014,40
Micronesia (Federated States of),Rotavirus vaccines completed dose (RotaC) immunization coverage among 1-year-olds (%),2013,33
Micronesia (Federated States of),Rotavirus vaccines completed dose (RotaC) immunization coverage among 1-year-olds (%),2012,45
Micronesia (Federated States of),Rotavirus vaccines completed dose (RotaC) immunization coverage among 1-year-olds (%),2011,40
Micronesia (Federated States of),Rotavirus vaccines completed dose (RotaC) immunization coverage among 1-year-olds (%),2010,70
Morocco,Rotavirus vaccines completed dose (RotaC) immunization coverage among 1-year-olds (%),2019,98
Morocco,Rotavirus vaccines completed dose (RotaC) immunization coverage among 1-year-olds (%),2018,99
Morocco,Rotavirus vaccines completed dose (RotaC) immunization coverage among 1-year-olds (%),2017,99
Morocco,Rotavirus vaccines completed dose (RotaC) immunization coverage among 1-year-olds (%),2016,99
Morocco,Rotavirus vaccines completed dose (RotaC) immunization coverage among 1-year-olds (%),2015,90
Morocco,Rotavirus vaccines completed dose (RotaC) immunization coverage among 1-year-olds (%),2014,90
Morocco,Rotavirus vaccines completed dose (RotaC) immunization coverage among 1-year-olds (%),2013,90
Morocco,Rotavirus vaccines completed dose (RotaC) immunization coverage among 1-year-olds (%),2012,88
Morocco,Rotavirus vaccines completed dose (RotaC) immunization coverage among 1-year-olds (%),2011,80
Morocco,Rotavirus vaccines completed dose (RotaC) immunization coverage among 1-year-olds (%),2010,2
Mozambique,Rotavirus vaccines completed dose (RotaC) immunization coverage among 1-year-olds (%),2019,88
Mozambique,Rotavirus vaccines completed dose (RotaC) immunization coverage among 1-year-olds (%),2018,80
Mozambique,Rotavirus vaccines completed dose (RotaC) immunization coverage among 1-year-olds (%),2017,80
Mozambique,Rotavirus vaccines completed dose (RotaC) immunization coverage among 1-year-olds (%),2016,70
Mozambique,Rotavirus vaccines completed dose (RotaC) immunization coverage among 1-year-olds (%),2015,17
Namibia,Rotavirus vaccines completed dose (RotaC) immunization coverage among 1-year-olds (%),2019,90
Namibia,Rotavirus vaccines completed dose (RotaC) immunization coverage among 1-year-olds (%),2018,92
Namibia,Rotavirus vaccines completed dose (RotaC) immunization coverage among 1-year-olds (%),2017,86
Namibia,Rotavirus vaccines completed dose (RotaC) immunization coverage among 1-year-olds (%),2016,86
Namibia,Rotavirus vaccines completed dose (RotaC) immunization coverage among 1-year-olds (%),2015,87
New Zealand,Rotavirus vaccines completed dose (RotaC) immunization coverage among 1-year-olds (%),2019,86
New Zealand,Rotavirus vaccines completed dose (RotaC) immunization coverage among 1-year-olds (%),2018,86
New Zealand,Rotavirus vaccines completed dose (RotaC) immunization coverage among 1-year-olds (%),2017,89
New Zealand,Rotavirus vaccines completed dose (RotaC) immunization coverage among 1-year-olds (%),2016,66
Nicaragua,Rotavirus vaccines completed dose (RotaC) immunization coverage among 1-year-olds (%),2019,98
Nicaragua,Rotavirus vaccines completed dose (RotaC) immunization coverage among 1-year-olds (%),2018,98
Nicaragua,Rotavirus vaccines completed dose (RotaC) immunization coverage among 1-year-olds (%),2017,98
Nicaragua,Rotavirus vaccines completed dose (RotaC) immunization coverage among 1-year-olds (%),2016,98
Nicaragua,Rotavirus vaccines completed dose (RotaC) immunization coverage among 1-year-olds (%),2015,98
Nicaragua,Rotavirus vaccines completed dose (RotaC) immunization coverage among 1-year-olds (%),2014,98
Nicaragua,Rotavirus vaccines completed dose (RotaC) immunization coverage among 1-year-olds (%),2013,98
Nicaragua,Rotavirus vaccines completed dose (RotaC) immunization coverage among 1-year-olds (%),2012,98
Nicaragua,Rotavirus vaccines completed dose (RotaC) immunization coverage among 1-year-olds (%),2011,98
Nicaragua,Rotavirus vaccines completed dose (RotaC) immunization coverage among 1-year-olds (%),2010,98
Nicaragua,Rotavirus vaccines completed dose (RotaC) immunization coverage among 1-year-olds (%),2009,94
Nicaragua,Rotavirus vaccines completed dose (RotaC) immunization coverage among 1-year-olds (%),2008,89
Nicaragua,Rotavirus vaccines completed dose (RotaC) immunization coverage among 1-year-olds (%),2007,66
Niger,Rotavirus vaccines completed dose (RotaC) immunization coverage among 1-year-olds (%),2019,78
Niger,Rotavirus vaccines completed dose (RotaC) immunization coverage among 1-year-olds (%),2018,79
Niger,Rotavirus vaccines completed dose (RotaC) immunization coverage among 1-year-olds (%),2017,85
Niger,Rotavirus vaccines completed dose (RotaC) immunization coverage among 1-year-olds (%),2016,80
Niger,Rotavirus vaccines completed dose (RotaC) immunization coverage among 1-year-olds (%),2015,47
Niger,Rotavirus vaccines completed dose (RotaC) immunization coverage among 1-year-olds (%),2014,19
Niue,Rotavirus vaccines completed dose (RotaC) immunization coverage among 1-year-olds (%),2019,99
Niue,Rotavirus vaccines completed dose (RotaC) immunization coverage among 1-year-olds (%),2018,99
Niue,Rotavirus vaccines completed dose (RotaC) immunization coverage among 1-year-olds (%),2017,99
Niue,Rotavirus vaccines completed dose (RotaC) immunization coverage among 1-year-olds (%),2016,74
Norway,Rotavirus vaccines completed dose (RotaC) immunization coverage among 1-year-olds (%),2019,95
Norway,Rotavirus vaccines completed dose (RotaC) immunization coverage among 1-year-olds (%),2018,93
Pakistan,Rotavirus vaccines completed dose (RotaC) immunization coverage among 1-year-olds (%),2019,75
Pakistan,Rotavirus vaccines completed dose (RotaC) immunization coverage among 1-year-olds (%),2018,58
Pakistan,Rotavirus vaccines completed dose (RotaC) immunization coverage among 1-year-olds (%),2017,12
Palau,Rotavirus vaccines completed dose (RotaC) immunization coverage among 1-year-olds (%),2019,92
Palau,Rotavirus vaccines completed dose (RotaC) immunization coverage among 1-year-olds (%),2018,93
Palau,Rotavirus vaccines completed dose (RotaC) immunization coverage among 1-year-olds (%),2017,95
Palau,Rotavirus vaccines completed dose (RotaC) immunization coverage among 1-year-olds (%),2016,98
Palau,Rotavirus vaccines completed dose (RotaC) immunization coverage among 1-year-olds (%),2015,97
Palau,Rotavirus vaccines completed dose (RotaC) immunization coverage among 1-year-olds (%),2014,99
Palau,Rotavirus vaccines completed dose (RotaC) immunization coverage among 1-year-olds (%),2013,99
Palau,Rotavirus vaccines completed dose (RotaC) immunization coverage among 1-year-olds (%),2012,89
Palau,Rotavirus vaccines completed dose (RotaC) immunization coverage among 1-year-olds (%),2011,89
Palau,Rotavirus vaccines completed dose (RotaC) immunization coverage among 1-year-olds (%),2010,76
Palau,Rotavirus vaccines completed dose (RotaC) immunization coverage among 1-year-olds (%),2009,15
Panama,Rotavirus vaccines completed dose (RotaC) immunization coverage among 1-year-olds (%),2019,94
Panama,Rotavirus vaccines completed dose (RotaC) immunization coverage among 1-year-olds (%),2018,95
Panama,Rotavirus vaccines completed dose (RotaC) immunization coverage among 1-year-olds (%),2017,94
Panama,Rotavirus vaccines completed dose (RotaC) immunization coverage among 1-year-olds (%),2016,92
Panama,Rotavirus vaccines completed dose (RotaC) immunization coverage among 1-year-olds (%),2015,87
Panama,Rotavirus vaccines completed dose (RotaC) immunization coverage among 1-year-olds (%),2014,87
Panama,Rotavirus vaccines completed dose (RotaC) immunization coverage among 1-year-olds (%),2013,87
Panama,Rotavirus vaccines completed dose (RotaC) immunization coverage among 1-year-olds (%),2012,92
Panama,Rotavirus vaccines completed dose (RotaC) immunization coverage among 1-year-olds (%),2011,95
Panama,Rotavirus vaccines completed dose (RotaC) immunization coverage among 1-year-olds (%),2010,89
Panama,Rotavirus vaccines completed dose (RotaC) immunization coverage among 1-year-olds (%),2009,78
Panama,Rotavirus vaccines completed dose (RotaC) immunization coverage among 1-year-olds (%),2008,74
Panama,Rotavirus vaccines completed dose (RotaC) immunization coverage among 1-year-olds (%),2007,66
Panama,Rotavirus vaccines completed dose (RotaC) immunization coverage among 1-year-olds (%),2006,82
Paraguay,Rotavirus vaccines completed dose (RotaC) immunization coverage among 1-year-olds (%),2019,86
Paraguay,Rotavirus vaccines completed dose (RotaC) immunization coverage among 1-year-olds (%),2018,91
Paraguay,Rotavirus vaccines completed dose (RotaC) immunization coverage among 1-year-olds (%),2017,93
Paraguay,Rotavirus vaccines completed dose (RotaC) immunization coverage among 1-year-olds (%),2016,91
Paraguay,Rotavirus vaccines completed dose (RotaC) immunization coverage among 1-year-olds (%),2015,91
Paraguay,Rotavirus vaccines completed dose (RotaC) immunization coverage among 1-year-olds (%),2014,90
Paraguay,Rotavirus vaccines completed dose (RotaC) immunization coverage among 1-year-olds (%),2013,86
Paraguay,Rotavirus vaccines completed dose (RotaC) immunization coverage among 1-year-olds (%),2012,87
Paraguay,Rotavirus vaccines completed dose (RotaC) immunization coverage among 1-year-olds (%),2011,85
Paraguay,Rotavirus vaccines completed dose (RotaC) immunization coverage among 1-year-olds (%),2010,56
Peru,Rotavirus vaccines completed dose (RotaC) immunization coverage among 1-year-olds (%),2019,90
Peru,Rotavirus vaccines completed dose (RotaC) immunization coverage among 1-year-olds (%),2018,85
Peru,Rotavirus vaccines completed dose (RotaC) immunization coverage among 1-year-olds (%),2017,85
Peru,Rotavirus vaccines completed dose (RotaC) immunization coverage among 1-year-olds (%),2016,87
Peru,Rotavirus vaccines completed dose (RotaC) immunization coverage among 1-year-olds (%),2015,87
Peru,Rotavirus vaccines completed dose (RotaC) immunization coverage among 1-year-olds (%),2014,86
Peru,Rotavirus vaccines completed dose (RotaC) immunization coverage among 1-year-olds (%),2013,86
Peru,Rotavirus vaccines completed dose (RotaC) immunization coverage among 1-year-olds (%),2012,91
Peru,Rotavirus vaccines completed dose (RotaC) immunization coverage among 1-year-olds (%),2011,84
Peru,Rotavirus vaccines completed dose (RotaC) immunization coverage among 1-year-olds (%),2010,75
Peru,Rotavirus vaccines completed dose (RotaC) immunization coverage among 1-year-olds (%),2009,41
Peru,Rotavirus vaccines completed dose (RotaC) immunization coverage among 1-year-olds (%),2008,3
Philippines,Rotavirus vaccines completed dose (RotaC) immunization coverage among 1-year-olds (%),2015,2
Philippines,Rotavirus vaccines completed dose (RotaC) immunization coverage among 1-year-olds (%),2014,1
Philippines,Rotavirus vaccines completed dose (RotaC) immunization coverage among 1-year-olds (%),2013,28
Philippines,Rotavirus vaccines completed dose (RotaC) immunization coverage among 1-year-olds (%),2012,5
Qatar,Rotavirus vaccines completed dose (RotaC) immunization coverage among 1-year-olds (%),2019,95
Qatar,Rotavirus vaccines completed dose (RotaC) immunization coverage among 1-year-olds (%),2018,95
Qatar,Rotavirus vaccines completed dose (RotaC) immunization coverage among 1-year-olds (%),2017,93
Qatar,Rotavirus vaccines completed dose (RotaC) immunization coverage among 1-year-olds (%),2016,99
Qatar,Rotavirus vaccines completed dose (RotaC) immunization coverage among 1-year-olds (%),2015,92
Qatar,Rotavirus vaccines completed dose (RotaC) immunization coverage among 1-year-olds (%),2014,90
Qatar,Rotavirus vaccines completed dose (RotaC) immunization coverage among 1-year-olds (%),2013,97
Qatar,Rotavirus vaccines completed dose (RotaC) immunization coverage among 1-year-olds (%),2012,90
Qatar,Rotavirus vaccines completed dose (RotaC) immunization coverage among 1-year-olds (%),2011,93
Qatar,Rotavirus vaccines completed dose (RotaC) immunization coverage among 1-year-olds (%),2010,55
Qatar,Rotavirus vaccines completed dose (RotaC) immunization coverage among 1-year-olds (%),2009,59
Republic of Moldova,Rotavirus vaccines completed dose (RotaC) immunization coverage among 1-year-olds (%),2019,66
Republic of Moldova,Rotavirus vaccines completed dose (RotaC) immunization coverage among 1-year-olds (%),2018,67
Republic of Moldova,Rotavirus vaccines completed dose (RotaC) immunization coverage among 1-year-olds (%),2017,66
Republic of Moldova,Rotavirus vaccines completed dose (RotaC) immunization coverage among 1-year-olds (%),2016,70
Republic of Moldova,Rotavirus vaccines completed dose (RotaC) immunization coverage among 1-year-olds (%),2015,62
Republic of Moldova,Rotavirus vaccines completed dose (RotaC) immunization coverage among 1-year-olds (%),2014,62
Republic of Moldova,Rotavirus vaccines completed dose (RotaC) immunization coverage among 1-year-olds (%),2013,65
Republic of Moldova,Rotavirus vaccines completed dose (RotaC) immunization coverage among 1-year-olds (%),2012,21
Rwanda,Rotavirus vaccines completed dose (RotaC) immunization coverage among 1-year-olds (%),2019,98
Rwanda,Rotavirus vaccines completed dose (RotaC) immunization coverage among 1-year-olds (%),2018,98
Rwanda,Rotavirus vaccines completed dose (RotaC) immunization coverage among 1-year-olds (%),2017,98
Rwanda,Rotavirus vaccines completed dose (RotaC) immunization coverage among 1-year-olds (%),2016,98
Rwanda,Rotavirus vaccines completed dose (RotaC) immunization coverage among 1-year-olds (%),2015,98
Rwanda,Rotavirus vaccines completed dose (RotaC) immunization coverage among 1-year-olds (%),2014,98
Rwanda,Rotavirus vaccines completed dose (RotaC) immunization coverage among 1-year-olds (%),2013,98
Rwanda,Rotavirus vaccines completed dose (RotaC) immunization coverage among 1-year-olds (%),2012,50
Sao Tome and Principe,Rotavirus vaccines completed dose (RotaC) immunization coverage among 1-year-olds (%),2019,95
Sao Tome and Principe,Rotavirus vaccines completed dose (RotaC) immunization coverage among 1-year-olds (%),2018,95
Sao Tome and Principe,Rotavirus vaccines completed dose (RotaC) immunization coverage among 1-year-olds (%),2017,95
Sao Tome and Principe,Rotavirus vaccines completed dose (RotaC) immunization coverage among 1-year-olds (%),2016,24
Saudi Arabia,Rotavirus vaccines completed dose (RotaC) immunization coverage among 1-year-olds (%),2019,95
Saudi Arabia,Rotavirus vaccines completed dose (RotaC) immunization coverage among 1-year-olds (%),2018,97
Saudi Arabia,Rotavirus vaccines completed dose (RotaC) immunization coverage among 1-year-olds (%),2017,97
Saudi Arabia,Rotavirus vaccines completed dose (RotaC) immunization coverage among 1-year-olds (%),2016,95
Saudi Arabia,Rotavirus vaccines completed dose (RotaC) immunization coverage among 1-year-olds (%),2015,95
Saudi Arabia,Rotavirus vaccines completed dose (RotaC) immunization coverage among 1-year-olds (%),2014,94
Saudi Arabia,Rotavirus vaccines completed dose (RotaC) immunization coverage among 1-year-olds (%),2013,84
Senegal,Rotavirus vaccines completed dose (RotaC) immunization coverage among 1-year-olds (%),2019,94
Senegal,Rotavirus vaccines completed dose (RotaC) immunization coverage among 1-year-olds (%),2018,80
Senegal,Rotavirus vaccines completed dose (RotaC) immunization coverage among 1-year-olds (%),2017,94
Senegal,Rotavirus vaccines completed dose (RotaC) immunization coverage among 1-year-olds (%),2016,93
Senegal,Rotavirus vaccines completed dose (RotaC) immunization coverage among 1-year-olds (%),2015,83
Seychelles,Rotavirus vaccines completed dose (RotaC) immunization coverage among 1-year-olds (%),2019,99
Seychelles,Rotavirus vaccines completed dose (RotaC) immunization coverage among 1-year-olds (%),2018,99
Seychelles,Rotavirus vaccines completed dose (RotaC) immunization coverage among 1-year-olds (%),2017,8
Sierra Leone,Rotavirus vaccines completed dose (RotaC) immunization coverage among 1-year-olds (%),2019,92
Sierra Leone,Rotavirus vaccines completed dose (RotaC) immunization coverage among 1-year-olds (%),2018,92
Sierra Leone,Rotavirus vaccines completed dose (RotaC) immunization coverage among 1-year-olds (%),2017,92
Sierra Leone,Rotavirus vaccines completed dose (RotaC) immunization coverage among 1-year-olds (%),2016,95
Sierra Leone,Rotavirus vaccines completed dose (RotaC) immunization coverage among 1-year-olds (%),2015,85
Sierra Leone,Rotavirus vaccines completed dose (RotaC) immunization coverage among 1-year-olds (%),2014,53
South Africa,Rotavirus vaccines completed dose (RotaC) immunization coverage among 1-year-olds (%),2019,73
South Africa,Rotavirus vaccines completed dose (RotaC) immunization coverage among 1-year-olds (%),2018,70
South Africa,Rotavirus vaccines completed dose (RotaC) immunization coverage among 1-year-olds (%),2017,71
South Africa,Rotavirus vaccines completed dose (RotaC) immunization coverage among 1-year-olds (%),2016,73
South Africa,Rotavirus vaccines completed dose (RotaC) immunization coverage among 1-year-olds (%),2015,85
South Africa,Rotavirus vaccines completed dose (RotaC) immunization coverage among 1-year-olds (%),2014,85
South Africa,Rotavirus vaccines completed dose (RotaC) immunization coverage among 1-year-olds (%),2013,77
South Africa,Rotavirus vaccines completed dose (RotaC) immunization coverage among 1-year-olds (%),2012,74
South Africa,Rotavirus vaccines completed dose (RotaC) immunization coverage among 1-year-olds (%),2011,67
South Africa,Rotavirus vaccines completed dose (RotaC) immunization coverage among 1-year-olds (%),2010,60
South Africa,Rotavirus vaccines completed dose (RotaC) immunization coverage among 1-year-olds (%),2009,17
Sudan,Rotavirus vaccines completed dose (RotaC) immunization coverage among 1-year-olds (%),2019,94
Sudan,Rotavirus vaccines completed dose (RotaC) immunization coverage among 1-year-olds (%),2018,94
Sudan,Rotavirus vaccines completed dose (RotaC) immunization coverage among 1-year-olds (%),2017,95
Sudan,Rotavirus vaccines completed dose (RotaC) immunization coverage among 1-year-olds (%),2016,90
Sudan,Rotavirus vaccines completed dose (RotaC) immunization coverage among 1-year-olds (%),2015,84
Sudan,Rotavirus vaccines completed dose (RotaC) immunization coverage among 1-year-olds (%),2014,86
Sudan,Rotavirus vaccines completed dose (RotaC) immunization coverage among 1-year-olds (%),2013,80
Sudan,Rotavirus vaccines completed dose (RotaC) immunization coverage among 1-year-olds (%),2012,75
Sudan,Rotavirus vaccines completed dose (RotaC) immunization coverage among 1-year-olds (%),2011,27
Tajikistan,Rotavirus vaccines completed dose (RotaC) immunization coverage among 1-year-olds (%),2019,97
Tajikistan,Rotavirus vaccines completed dose (RotaC) immunization coverage among 1-year-olds (%),2018,96
Tajikistan,Rotavirus vaccines completed dose (RotaC) immunization coverage among 1-year-olds (%),2017,97
Tajikistan,Rotavirus vaccines completed dose (RotaC) immunization coverage among 1-year-olds (%),2016,96
Tajikistan,Rotavirus vaccines completed dose (RotaC) immunization coverage among 1-year-olds (%),2015,85
Togo,Rotavirus vaccines completed dose (RotaC) immunization coverage among 1-year-olds (%),2019,80
Togo,Rotavirus vaccines completed dose (RotaC) immunization coverage among 1-year-olds (%),2018,79
Togo,Rotavirus vaccines completed dose (RotaC) immunization coverage among 1-year-olds (%),2017,80
Togo,Rotavirus vaccines completed dose (RotaC) immunization coverage among 1-year-olds (%),2016,80
Togo,Rotavirus vaccines completed dose (RotaC) immunization coverage among 1-year-olds (%),2015,78
Togo,Rotavirus vaccines completed dose (RotaC) immunization coverage among 1-year-olds (%),2014,28
Turkmenistan,Rotavirus vaccines completed dose (RotaC) immunization coverage among 1-year-olds (%),2019,4
Uganda,Rotavirus vaccines completed dose (RotaC) immunization coverage among 1-year-olds (%),2019,87
Uganda,Rotavirus vaccines completed dose (RotaC) immunization coverage among 1-year-olds (%),2018,36
United Arab Emirates,Rotavirus vaccines completed dose (RotaC) immunization coverage among 1-year-olds (%),2019,92
United Arab Emirates,Rotavirus vaccines completed dose (RotaC) immunization coverage among 1-year-olds (%),2018,99
United Arab Emirates,Rotavirus vaccines completed dose (RotaC) immunization coverage among 1-year-olds (%),2017,90
United Arab Emirates,Rotavirus vaccines completed dose (RotaC) immunization coverage among 1-year-olds (%),2016,92
United Arab Emirates,Rotavirus vaccines completed dose (RotaC) immunization coverage among 1-year-olds (%),2015,87
United Arab Emirates,Rotavirus vaccines completed dose (RotaC) immunization coverage among 1-year-olds (%),2014,56
United Kingdom of Great Britain and Northern Ireland,Rotavirus vaccines completed dose (RotaC) immunization coverage among 1-year-olds (%),2019,90
United Kingdom of Great Britain and Northern Ireland,Rotavirus vaccines completed dose (RotaC) immunization coverage among 1-year-olds (%),2018,91
United Kingdom of Great Britain and Northern Ireland,Rotavirus vaccines completed dose (RotaC) immunization coverage among 1-year-olds (%),2017,90
United Kingdom of Great Britain and Northern Ireland,Rotavirus vaccines completed dose (RotaC) immunization coverage among 1-year-olds (%),2016,90
United Kingdom of Great Britain and Northern Ireland,Rotavirus vaccines completed dose (RotaC) immunization coverage among 1-year-olds (%),2015,89
United Republic of Tanzania,Rotavirus vaccines completed dose (RotaC) immunization coverage among 1-year-olds (%),2019,85
United Republic of Tanzania,Rotavirus vaccines completed dose (RotaC) immunization coverage among 1-year-olds (%),2018,85
United Republic of Tanzania,Rotavirus vaccines completed dose (RotaC) immunization coverage among 1-year-olds (%),2017,87
United Republic of Tanzania,Rotavirus vaccines completed dose (RotaC) immunization coverage among 1-year-olds (%),2016,89
United Republic of Tanzania,Rotavirus vaccines completed dose (RotaC) immunization coverage among 1-year-olds (%),2015,95
United Republic of Tanzania,Rotavirus vaccines completed dose (RotaC) immunization coverage among 1-year-olds (%),2014,97
United Republic of Tanzania,Rotavirus vaccines completed dose (RotaC) immunization coverage among 1-year-olds (%),2013,85
United States of America,Rotavirus vaccines completed dose (RotaC) immunization coverage among 1-year-olds (%),2019,74
United States of America,Rotavirus vaccines completed dose (RotaC) immunization coverage among 1-year-olds (%),2018,73
United States of America,Rotavirus vaccines completed dose (RotaC) immunization coverage among 1-year-olds (%),2017,73
United States of America,Rotavirus vaccines completed dose (RotaC) immunization coverage among 1-year-olds (%),2016,73
United States of America,Rotavirus vaccines completed dose (RotaC) immunization coverage among 1-year-olds (%),2015,72
United States of America,Rotavirus vaccines completed dose (RotaC) immunization coverage among 1-year-olds (%),2014,72
United States of America,Rotavirus vaccines completed dose (RotaC) immunization coverage among 1-year-olds (%),2013,73
United States of America,Rotavirus vaccines completed dose (RotaC) immunization coverage among 1-year-olds (%),2012,69
United States of America,Rotavirus vaccines completed dose (RotaC) immunization coverage among 1-year-olds (%),2011,67
United States of America,Rotavirus vaccines completed dose (RotaC) immunization coverage among 1-year-olds (%),2010,59
United States of America,Rotavirus vaccines completed dose (RotaC) immunization coverage among 1-year-olds (%),2009,44
Uzbekistan,Rotavirus vaccines completed dose (RotaC) immunization coverage among 1-year-olds (%),2019,48
Uzbekistan,Rotavirus vaccines completed dose (RotaC) immunization coverage among 1-year-olds (%),2018,84
Uzbekistan,Rotavirus vaccines completed dose (RotaC) immunization coverage among 1-year-olds (%),2017,99
Uzbekistan,Rotavirus vaccines completed dose (RotaC) immunization coverage among 1-year-olds (%),2016,99
Uzbekistan,Rotavirus vaccines completed dose (RotaC) immunization coverage among 1-year-olds (%),2015,95
Uzbekistan,Rotavirus vaccines completed dose (RotaC) immunization coverage among 1-year-olds (%),2014,52
Venezuela (Bolivarian Republic of),Rotavirus vaccines completed dose (RotaC) immunization coverage among 1-year-olds (%),2017,18
Venezuela (Bolivarian Republic of),Rotavirus vaccines completed dose (RotaC) immunization coverage among 1-year-olds (%),2016,47
Venezuela (Bolivarian Republic of),Rotavirus vaccines completed dose (RotaC) immunization coverage among 1-year-olds (%),2015,84
Venezuela (Bolivarian Republic of),Rotavirus vaccines completed dose (RotaC) immunization coverage among 1-year-olds (%),2014,76
Venezuela (Bolivarian Republic of),Rotavirus vaccines completed dose (RotaC) immunization coverage among 1-year-olds (%),2013,77
Venezuela (Bolivarian Republic of),Rotavirus vaccines completed dose (RotaC) immunization coverage among 1-year-olds (%),2012,76
Venezuela (Bolivarian Republic of),Rotavirus vaccines completed dose (RotaC) immunization coverage among 1-year-olds (%),2011,66
Venezuela (Bolivarian Republic of),Rotavirus vaccines completed dose (RotaC) immunization coverage among 1-year-olds (%),2010,49
Venezuela (Bolivarian Republic of),Rotavirus vaccines completed dose (RotaC) immunization coverage among 1-year-olds (%),2009,54
Venezuela (Bolivarian Republic of),Rotavirus vaccines completed dose (RotaC) immunization coverage among 1-year-olds (%),2008,50
Venezuela (Bolivarian Republic of),Rotavirus vaccines completed dose (RotaC) immunization coverage among 1-year-olds (%),2007,29
Venezuela (Bolivarian Republic of),Rotavirus vaccines completed dose (RotaC) immunization coverage among 1-year-olds (%),2006,13
Yemen,Rotavirus vaccines completed dose (RotaC) immunization coverage among 1-year-olds (%),2019,73
Yemen,Rotavirus vaccines completed dose (RotaC) immunization coverage among 1-year-olds (%),2018,64
Yemen,Rotavirus vaccines completed dose (RotaC) immunization coverage among 1-year-olds (%),2017,68
Yemen,Rotavirus vaccines completed dose (RotaC) immunization coverage among 1-year-olds (%),2016,59
Yemen,Rotavirus vaccines completed dose (RotaC) immunization coverage among 1-year-olds (%),2015,52
Yemen,Rotavirus vaccines completed dose (RotaC) immunization coverage among 1-year-olds (%),2014,57
Yemen,Rotavirus vaccines completed dose (RotaC) immunization coverage among 1-year-olds (%),2013,56
Yemen,Rotavirus vaccines completed dose (RotaC) immunization coverage among 1-year-olds (%),2012,23
Zambia,Rotavirus vaccines completed dose (RotaC) immunization coverage among 1-year-olds (%),2019,90
Zambia,Rotavirus vaccines completed dose (RotaC) immunization coverage among 1-year-olds (%),2018,91
Zambia,Rotavirus vaccines completed dose (RotaC) immunization coverage among 1-year-olds (%),2017,96
Zambia,Rotavirus vaccines completed dose (RotaC) immunization coverage among 1-year-olds (%),2016,90
Zambia,Rotavirus vaccines completed dose (RotaC) immunization coverage among 1-year-olds (%),2015,82
Zambia,Rotavirus vaccines completed dose (RotaC) immunization coverage among 1-year-olds (%),2014,73
Zimbabwe,Rotavirus vaccines completed dose (RotaC) immunization coverage among 1-year-olds (%),2019,92
Zimbabwe,Rotavirus vaccines completed dose (RotaC) immunization coverage among 1-year-olds (%),2018,90
Zimbabwe,Rotavirus vaccines completed dose (RotaC) immunization coverage among 1-year-olds (%),2017,91
Zimbabwe,Rotavirus vaccines completed dose (RotaC) immunization coverage among 1-year-olds (%),2016,91
Zimbabwe,Rotavirus vaccines completed dose (RotaC) immunization coverage among 1-year-olds (%),2015,87
Zimbabwe,Rotavirus vaccines completed dose (RotaC) immunization coverage among 1-year-olds (%),2014,48
